Host,CPS,Name,a,Msini,Msini_Mearth,e,Mass_star,FeH,host_has_cold_giant
GL 876,GL 876 d,GL 876 d,0.02183,0.0184,5.848035199999999,0.273,0.37,0.213,False
HD 219134,HD 219134 d,HD 219134 d,0.03838,0.013,4.1317639999999995,0.063,,,False
GJ 581,HIP 74995 b,GJ 581 b,0.04099,0.051,16.209227999999996,0.02,,,False
61 Vir,HD 115617c,61 Vir c,0.04956,0.0161,5.117030799999999,0.099,,,False
HD 156668,HD 156668c,HD 156668c,0.05025,0.0158,5.0216824,0.235,,,False
HD 7924,HD 7924 b,HD 7924 b,0.05596,0.0259,8.231745199999999,0.049,,,False
HD 1461,HD 1461 b,HD 1461 b,0.06361,0.0208,6.610822399999999,0.062,,,False
HD 45184,HD 45184 b,HD 45184 b,0.0641,0.0374,11.8867672,0.18,,,False
HD 219134,HD 219134 f,HD 219134 f,0.06466,0.0112,3.5596735999999995,0.16,,,False
HD 285968,HD 285968 b,HD 285968 b,0.06649,0.0285,9.058098,0.16,,,False
HD 1326,HD 1326 b,HD 1326 b,0.07321,0.0171,5.4348588,0.075,,,False
GJ 581,HIP 74995c,GJ 581 c,0.07358,0.0159,5.0534652,0.12,,,False
GJ 411,HD 95735c,GJ 411 c,0.07892,0.00882,2.8032429599999995,0.095,,,False
HD 69830,HD 69830 b,HD 69830 b,0.0794,0.0323,10.2658444,0.112,,,False
HD 97658,HD 97658 b,HD 97658 b,0.0805,0.0247,7.850351599999999,0.063,,,False
HD 164922,HD 164922 e,HD 164922 e,0.1023,0.0149,4.735637199999999,0.18,,,False
HD 45184,HD 45184c,HD 45184c,0.1095,0.0345,10.965066,0.48,,,False
HD 1461,HD 1461c,HD 1461c,0.1121,0.0222,7.0557815999999995,0.112,,,False
HD 7924,HD 7924c,HD 7924c,0.1121,0.0278,8.8356184,0.1,,,False
HIP 89474,HD 168009 b,HIP 89474 b,0.1192,0.03,9.534839999999999,0.121,,,False
HIP 77257,HD 141004 b,HIP 77257 b,0.1238,0.0428,13.603038399999999,0.16,,,False
HD 107148,HD 107148c,HD 107148c,0.1406,0.0626,19.8960328,0.34,,,False
HD 219134,HD 219134 e,HD 219134 e,0.1453,0.0243,7.723220399999999,0.072,,,False
GL 687,GL 687 b,GL 687 b,0.1658,0.0553,17.5758884,0.153,0.418,0.063,False
HD 69830,HD 69830c,HD 69830c,0.1882,0.031,9.852668,0.114,,,False
HIP 112527,HD 216520 b,HIP 112527 b,0.1954,0.0326,10.361192799999998,0.19,,,False
61 Vir,HD 115617 b,61 Vir b,0.215,0.0507,16.1138796,0.068,,,False
HD 164922,HD 164922 d,HD 164922 d,0.2292,0.0331,10.520106799999999,0.086,,,False
HD 219134,HD 219134c,HD 219134c,0.2346,0.0516,16.399924799999997,0.077,,,False
HD 97101,HD 97101c,HD 97101c,0.2403,0.0322,10.234061599999999,0.28,,,False
HD 90156,HD 90156 b,HD 90156 b,0.2508,0.037,11.759635999999999,0.16,,,False
HD 192310,HD 192310 b,HD 192310 b,0.3262,0.0451,14.334042799999999,0.14,,,False
HD 164922,HD 164922c,HD 164922c,0.3411,0.0451,14.334042799999999,0.096,,,False
HD 42618,HD 42618 b,HD 42618 b,0.5337,0.0478,15.1921784,0.27,,,False
HD 69830,HD 69830 d,HD 69830 d,0.645,0.0444,14.111563199999999,0.104,,,False
55 Cnc,HD 75732 f,55 Cnc f,0.01583,0.0295,9.375925999999998,0.036,,,True
